{
    "1": -647.5745849609375,
    "2": -647.5745849609375,
    "3": -647.5745849609375,
    "4": -647.5745849609375,
    "5": -647.5745849609375,
    "6": -647.5745849609375,
    "7": -647.5745849609375,
    "8": -647.5745849609375,
    "9": -647.5745849609375,
    "10": -647.5745849609375,
    "11": -647.5745849609375,
    "12": -647.5745849609375,
    "13": -647.5745849609375,
    "14": -647.5745849609375,
    "15": -647.5745849609375,
    "16": -647.5745849609375,
    "17": -647.5745849609375,
    "18": -647.5745849609375,
    "19": -647.5745849609375,
    "20": -647.5745849609375,
    "21": -647.5745849609375,
    "22": -647.5745849609375,
    "23": -647.5745849609375,
    "24": -647.5745849609375,
    "25": -647.5745849609375,
    "26": -647.5745849609375,
    "27": -647.5745849609375,
    "28": -647.5745849609375,
    "29": -647.5745849609375,
    "30": -647.5745849609375,
    "31": -647.5745849609375,
    "32": -647.5745849609375,
    "33": -647.5745849609375,
    "34": -647.5745849609375,
    "35": -647.5745849609375,
    "36": -647.5745849609375,
    "37": -647.5745849609375,
    "38": -647.5745849609375,
    "39": -647.5745849609375,
    "40": -647.5745849609375,
    "41": -647.5745849609375,
    "42": -647.5745849609375,
    "43": -647.5745849609375,
    "44": -647.5745849609375,
    "45": -647.5745849609375,
    "46": -647.5745849609375,
    "47": -647.5745849609375,
    "48": -647.5745849609375,
    "49": -647.5745849609375,
    "50": -647.5745849609375,
    "51": -647.5745849609375,
    "52": -647.5745849609375,
    "53": -647.5745849609375,
    "54": -647.5745849609375,
    "55": -647.5745849609375,
    "56": -647.5745849609375,
    "57": -647.5745849609375,
    "58": -647.5745849609375,
    "59": -647.5745849609375,
    "60": -647.5745849609375,
    "61": -647.5745849609375,
    "62": -647.5745849609375,
    "63": -647.5745849609375,
    "64": -647.5745849609375,
    "65": -647.5745849609375,
    "66": -647.5745849609375,
    "67": -647.5745849609375,
    "68": -647.5745849609375,
    "69": -647.5745849609375,
    "70": -647.5745849609375,
    "71": -647.5745849609375,
    "72": -647.5745849609375,
    "73": -647.5745849609375,
    "74": -647.5745849609375,
    "75": -647.5745849609375,
    "76": -647.5745849609375,
    "77": -647.5745849609375,
    "78": -647.5745849609375,
    "79": -647.5745849609375,
    "80": -647.5745849609375,
    "81": -647.5745849609375,
    "82": -647.5745849609375,
    "83": -647.5745849609375,
    "84": -647.5745849609375,
    "85": -647.5745849609375,
    "86": -647.5745849609375,
    "87": -647.5745849609375,
    "88": -647.5745849609375,
    "89": -647.5745849609375,
    "90": -647.5745849609375,
    "91": -647.5745849609375,
    "92": -647.5745849609375,
    "93": -647.5745849609375,
    "94": -647.5745849609375,
    "95": -647.5745849609375,
    "96": -647.5745849609375,
    "97": -647.5745849609375,
    "98": -647.5745849609375,
    "99": -647.5745849609375,
    "100": -647.5745849609375
}